{
  "Total" : {
    "transaction" : "Total",
    "sampleCount" : 100,
    "errorCount" : 0,
    "errorPct" : 0.0,
    "meanResTime" : 36.24999999999999,
    "medianResTime" : 44.0,
    "minResTime" : 2.0,
    "maxResTime" : 52.0,
    "pct1ResTime" : 47.900000000000006,
    "pct2ResTime" : 49.0,
    "pct3ResTime" : 51.97999999999999,
    "throughput" : 10.713520462824084,
    "receivedKBytesPerSec" : 111.52942200557104,
    "sentKBytesPerSec" : 1.768149373259053
  },
  "HTTP Request" : {
    "transaction" : "HTTP Request",
    "sampleCount" : 100,
    "errorCount" : 0,
    "errorPct" : 0.0,
    "meanResTime" : 36.24999999999999,
    "medianResTime" : 44.0,
    "minResTime" : 2.0,
    "maxResTime" : 52.0,
    "pct1ResTime" : 47.900000000000006,
    "pct2ResTime" : 49.0,
    "pct3ResTime" : 51.97999999999999,
    "throughput" : 10.713520462824084,
    "receivedKBytesPerSec" : 111.52942200557104,
    "sentKBytesPerSec" : 1.768149373259053
  }
}